config,kind,workload,workers,mode,mult,shift,median_ms,q1_ms,q3_ms,min_ms,max_ms,ideal_ms,repeats,clean,switches_median,load_median
fibonacci-w2-adaptive,main,fibonacci,2,adaptive,,,154.478,153.239,155.146,152.980,158.782,143.282,10,10,0.000,5.180
fibonacci-w2-nowait,main,fibonacci,2,nowait,,,156.298,156.008,157.692,155.249,158.172,143.282,10,10,0.000,5.180
fibonacci-w2-static,main,fibonacci,2,static,,,153.987,153.539,154.277,152.519,159.981,143.282,10,10,0.000,5.090
fibonacci-w2-wait,main,fibonacci,2,wait,,,157.132,156.404,158.354,155.602,158.804,143.282,10,10,0.000,5.090
fibonacci-w4-adaptive,main,fibonacci,4,adaptive,,,215.094,213.825,215.346,208.691,220.568,187.561,10,10,0.000,5.240
fibonacci-w4-nowait,main,fibonacci,4,nowait,,,217.815,213.608,218.919,210.600,220.086,187.561,10,10,0.000,5.240
fibonacci-w4-static,main,fibonacci,4,static,,,214.080,212.596,215.619,211.971,219.069,187.561,10,10,0.000,5.380
fibonacci-w4-wait,main,fibonacci,4,wait,,,217.782,216.289,219.480,214.674,219.888,187.561,10,10,0.000,5.670
fibonacci-w8-adaptive,main,fibonacci,8,adaptive,,,196.073,194.690,197.993,191.814,283.642,151.741,10,10,0.000,5.670
fibonacci-w8-nowait,main,fibonacci,8,nowait,,,198.316,195.680,199.315,195.479,201.176,151.741,10,10,0.000,5.850
fibonacci-w8-nowait-half,main,fibonacci,8,nowait-half,,,188.612,187.047,195.309,186.217,198.733,151.741,10,10,0.000,5.850
fibonacci-w8-static,main,fibonacci,8,static,,,194.839,194.008,203.233,192.899,217.641,151.741,10,10,0.000,6.030
fibonacci-w8-wait,main,fibonacci,8,wait,,,196.121,195.368,197.403,194.862,199.816,151.741,10,10,0.000,6.030
shifting-w2-adaptive,main,shifting,2,adaptive,,,431.779,429.618,439.743,429.545,442.492,406.250,10,10,1.500,5.780
shifting-w2-nowait,main,shifting,2,nowait,,,673.197,652.659,682.464,647.787,685.745,406.250,10,10,0.000,5.350
shifting-w2-static,main,shifting,2,static,,,456.418,456.100,457.777,456.036,460.126,406.250,10,10,0.000,5.320
shifting-w2-wait,main,shifting,2,wait,,,711.141,709.602,713.572,708.706,714.669,406.250,10,10,0.000,5.085
shifting-w4-adaptive,main,shifting,4,adaptive,,,376.286,372.298,385.661,371.085,394.348,265.625,10,10,3.000,5.120
shifting-w4-nowait,main,shifting,4,nowait,,,670.012,667.952,674.183,665.842,675.947,265.625,10,10,0.000,4.950
shifting-w4-static,main,shifting,4,static,,,460.620,459.992,460.973,459.645,462.122,265.625,10,10,0.000,5.035
shifting-w4-wait,main,shifting,4,wait,,,570.775,569.465,571.855,567.152,578.445,265.625,10,10,0.000,5.030
shifting-w8-adaptive,main,shifting,8,adaptive,,,380.266,371.831,385.349,369.102,394.138,195.312,10,10,6.000,5.190
shifting-w8-nowait,main,shifting,8,nowait,,,841.593,833.756,853.664,826.463,865.683,195.312,10,10,0.000,5.460
shifting-w8-nowait-half,main,shifting,8,nowait-half,,,210.155,209.102,212.037,208.660,218.626,195.312,10,10,0.000,5.410
shifting-w8-static,main,shifting,8,static,,,468.833,467.191,469.588,466.834,476.637,195.312,10,10,0.000,5.460
shifting-w8-wait,main,shifting,8,wait,,,771.403,760.067,779.352,735.798,787.608,195.312,10,10,0.000,5.660
shiftvar-m10-s30-adaptive,var,shifting,8,adaptive,10,0.300,453.821,446.195,472.736,442.910,546.595,223.438,10,10,5.000,6.030
shiftvar-m10-s30-nowait,var,shifting,8,nowait,10,0.300,984.825,977.744,995.391,975.412,999.308,223.438,10,10,0.000,6.180
shiftvar-m10-s30-static,var,shifting,8,static,10,0.300,581.230,580.543,581.972,579.788,586.491,223.438,10,10,0.000,6.285
shiftvar-m10-s30-wait,var,shifting,8,wait,10,0.300,900.573,890.616,906.142,864.835,913.838,223.438,10,10,0.000,6.590
shiftvar-m10-s70-adaptive,var,shifting,8,adaptive,10,0.700,299.303,298.331,304.247,297.124,313.996,167.188,10,10,5.000,6.670
shiftvar-m10-s70-nowait,var,shifting,8,nowait,10,0.700,707.465,703.657,714.642,701.362,716.598,167.188,10,10,0.000,6.620
shiftvar-m10-s70-static,var,shifting,8,static,10,0.700,357.065,355.222,365.754,353.676,382.543,167.188,10,10,0.000,6.570
shiftvar-m10-s70-wait,var,shifting,8,wait,10,0.700,660.407,654.159,669.280,641.680,683.766,167.188,10,10,0.000,6.250
shiftvar-m20-s30-adaptive,var,shifting,8,adaptive,20,0.300,833.513,817.069,863.997,805.924,869.889,332.812,10,10,11.000,6.380
shiftvar-m20-s30-nowait,var,shifting,8,nowait,20,0.300,1478.604,1470.610,1491.731,1448.333,1504.041,332.812,10,10,0.000,6.190
shiftvar-m20-s30-static,var,shifting,8,static,20,0.300,1068.474,1068.215,1068.906,1067.872,1084.906,332.812,10,10,0.000,5.675
shiftvar-m20-s30-wait,var,shifting,8,wait,20,0.300,1323.001,1314.858,1330.842,1302.520,1341.330,332.812,10,10,0.000,5.690
shiftvar-m20-s50-adaptive,var,shifting,8,adaptive,20,0.500,678.176,660.997,682.456,634.663,712.187,273.438,10,10,12.000,5.530
shiftvar-m20-s50-nowait,var,shifting,8,nowait,20,0.500,1200.707,1185.300,1215.112,1162.873,1223.290,273.438,10,10,0.000,5.285
shiftvar-m20-s50-static,var,shifting,8,static,20,0.500,831.577,830.733,832.706,830.363,835.431,273.438,10,10,0.000,5.720
shiftvar-m20-s50-wait,var,shifting,8,wait,20,0.500,1079.128,1055.018,1094.515,1053.669,1118.774,273.438,10,10,0.000,5.700
shiftvar-m20-s70-adaptive,var,shifting,8,adaptive,20,0.700,490.880,477.923,500.516,471.323,507.083,214.062,10,10,9.000,5.720
shiftvar-m20-s70-nowait,var,shifting,8,nowait,20,0.700,919.965,911.031,940.102,906.847,948.852,214.062,10,10,0.000,6.415
shiftvar-m20-s70-static,var,shifting,8,static,20,0.700,592.564,592.278,593.891,591.392,603.598,214.062,10,10,0.000,6.090
shiftvar-m20-s70-wait,var,shifting,8,wait,20,0.700,850.726,831.457,858.551,817.168,864.915,214.062,10,10,0.000,6.075
shiftvar-m5-s30-adaptive,var,shifting,8,adaptive,5,0.300,295.955,289.430,310.894,286.393,317.294,168.750,10,10,2.500,6.470
shiftvar-m5-s30-nowait,var,shifting,8,nowait,5,0.300,704.679,694.207,714.299,682.238,731.092,168.750,10,10,0.000,6.430
shiftvar-m5-s30-static,var,shifting,8,static,5,0.300,338.906,336.995,341.548,336.404,344.588,168.750,10,10,0.000,6.480
shiftvar-m5-s30-wait,var,shifting,8,wait,5,0.300,655.271,642.486,667.226,630.167,673.914,168.750,10,10,0.000,6.690
shiftvar-m5-s50-adaptive,var,shifting,8,adaptive,5,0.500,263.602,259.399,269.178,246.759,271.701,156.250,10,10,2.000,6.390
shiftvar-m5-s50-nowait,var,shifting,8,nowait,5,0.500,647.936,636.987,655.576,632.755,660.010,156.250,10,10,0.000,6.200
shiftvar-m5-s50-static,var,shifting,8,static,5,0.500,285.636,285.221,286.895,284.335,287.593,156.250,10,10,0.000,6.350
shiftvar-m5-s50-wait,var,shifting,8,wait,5,0.500,613.145,602.143,618.149,590.895,626.477,156.250,10,10,0.000,6.240
shiftvar-m5-s70-adaptive,var,shifting,8,adaptive,5,0.700,216.261,214.796,216.731,211.393,217.246,143.750,10,10,1.000,6.140
shiftvar-m5-s70-nowait,var,shifting,8,nowait,5,0.700,587.585,579.139,590.801,558.241,592.188,143.750,10,10,0.000,5.810
shiftvar-m5-s70-static,var,shifting,8,static,5,0.700,234.887,234.679,235.193,234.496,236.092,143.750,10,10,0.000,5.660
shiftvar-m5-s70-wait,var,shifting,8,wait,5,0.700,561.250,553.425,565.541,539.183,570.760,143.750,10,10,0.000,5.930
uniform-w2-adaptive,main,uniform,2,adaptive,,,129.250,128.857,129.852,128.416,130.730,125.000,10,10,0.000,6.090
uniform-w2-nowait,main,uniform,2,nowait,,,158.577,151.827,165.031,134.845,174.789,125.000,10,10,0.000,5.770
uniform-w2-static,main,uniform,2,static,,,129.254,129.172,130.081,128.717,131.049,125.000,10,10,0.000,5.770
uniform-w2-wait,main,uniform,2,wait,,,165.287,162.269,171.694,156.522,178.945,125.000,10,10,0.000,5.770
uniform-w4-adaptive,main,uniform,4,adaptive,,,132.693,132.152,134.449,132.101,135.126,125.000,10,10,0.000,5.540
uniform-w4-nowait,main,uniform,4,nowait,,,266.225,265.351,269.115,263.413,272.654,125.000,10,10,0.000,5.540
uniform-w4-static,main,uniform,4,static,,,133.493,132.463,134.077,131.814,134.251,125.000,10,10,0.000,5.500
uniform-w4-wait,main,uniform,4,wait,,,252.039,249.946,257.488,241.511,265.162,125.000,10,10,0.000,5.500
uniform-w8-adaptive,main,uniform,8,adaptive,,,144.237,143.413,144.932,141.773,168.189,125.000,10,10,0.000,5.380
uniform-w8-nowait,main,uniform,8,nowait,,,498.736,481.649,504.258,478.169,508.676,125.000,10,10,0.000,5.510
uniform-w8-nowait-half,main,uniform,8,nowait-half,,,137.166,137.069,137.900,136.962,142.174,125.000,10,10,0.000,5.380
uniform-w8-static,main,uniform,8,static,,,143.882,142.686,146.131,141.696,147.826,125.000,10,10,0.000,5.710
uniform-w8-wait,main,uniform,8,wait,,,483.879,474.594,493.985,461.995,499.732,125.000,10,10,0.000,5.970
